6603692371;Germán;Puebla;Universidad Politecnica de Madrid
5713123900;Juan Carlos Cano;González;Universidad Politecnica de Madrid
7006350192;Jesús Ma;Rebollar;Universidad Politecnica de Madrid
5571773500;Marisa Luisa;López-Vallejo;Universidad Politecnica de Madrid
5994487100;Antonio;Barrientos;Universidad Politecnica de Madrid
6602885442;Claudio;Bombardelli;Universidad Politecnica de Madrid
7003862871;Roberto Garcia;San José;Universidad Politecnica de Madrid
6506282623;Juan Ignacio;Godino-Llorente;Universidad Politecnica de Madrid
7003400960;Juan Antonio;de la Puente;Universidad Politecnica de Madrid
6603665716;Javier J.;Honrubia;Universidad Politecnica de Madrid
6701563636;Ángel;Sanz-Andrés;Universidad Politecnica de Madrid
6603995438;Victoria;Rodellar;Universidad Politecnica de Madrid
7102212919;Jaime;Planas;Universidad Politecnica de Madrid
7202580420;David;David J. Pearce;Universidad Politecnica de Madrid
7005962174;Francisco J.;Higuera;Universidad Politecnica de Madrid
4031260400;Jose A.;Calvo-Manzano Villalón;Universidad Politecnica de Madrid
5941842400;Emilio;Mínguez;Universidad Politecnica de Madrid
5968228600;Antonio C.;Rivera;Universidad Politecnica de Madrid
6701459512;Pablo González;González De Santos;Universidad Politecnica de Madrid
6602443969;Vicente;González-Posadas;Universidad Politecnica de Madrid
7006323471;Antonio J.;Vallejo Guevara;Universidad Politecnica de Madrid
6603954262;Alfredo;Güemes;Universidad Politecnica de Madrid
6151093900;José;Meseguer;Universidad Politecnica de Madrid
7004418140;María Dolores;Carro;Universidad Politecnica de Madrid
6701854118;Juan Alberto;Besada;Universidad Politecnica de Madrid
7006184290;Alonso;Rodríguez-Navarro;Universidad Politecnica de Madrid
6748282700;Pedro José;Benito;Universidad Politecnica de Madrid
6357213400;Carlos A.;Iglesias;Universidad Politecnica de Madrid
6919217700;Carlos;Romero;Universidad Politecnica de Madrid
7006312550;Edmundo;Tovar;Universidad Politecnica de Madrid
6507800333;Pedro;Gómez-Vilda;Universidad Politecnica de Madrid
7006497283;Juan Rafael;Sendra;Universidad Politecnica de Madrid
7102044676;Pedro Merino;Gómez;Universidad Politecnica de Madrid
4776160300;Juan Manuel Gómez;López;Universidad Politecnica de Madrid
6603668216;Eduardo;De La Torre;Universidad Politecnica de Madrid
7003361122;José;Pérez-Rigueiro;Universidad Politecnica de Madrid
5607774800;Angélica;De Antonio;Universidad Politecnica de Madrid
6603953251;Darío O.;Maravall;Universidad Politecnica de Madrid
7101951895;Ana Souto;Iglesias;Universidad Politecnica de Madrid
7006596241;Pablo;De La Fuente;Universidad Politecnica de Madrid
7004547724;Vicente;Sánchez-Gálvez;Universidad Politecnica de Madrid
7004761115;Pilar;Barreiro;Universidad Politecnica de Madrid
4767977600;Juan L.;Pérez;Universidad Politecnica de Madrid
5741082500;Mark D.S.;Wilkinson;Universidad Politecnica de Madrid
7006952112;Carlos D.;Correa;Universidad Politecnica de Madrid
7102210831;Antônio Márcio Ferreira;Crespo;Universidad Politecnica de Madrid
4449528700;Enrique Zulay;Navarro;Universidad Politecnica de Madrid
6507228680;Joaquín Ordieres Ordieres;Ordieres-Meré;Universidad Politecnica de Madrid
7005189099;José;Losada;Universidad Politecnica de Madrid
8283665500;Francisco;Ayuga;Universidad Politecnica de Madrid
7004351174;José Manuel García;Tijero;Universidad Politecnica de Madrid
7202580462;David A.J.;Pearce;Universidad Politecnica de Madrid
5729107500;Miguel Ángel R.;Gómez;Universidad Politecnica de Madrid
7006553916;Carlos;Morón;Universidad Politecnica de Madrid
6506220303;F.;Alonso;Universidad Politecnica de Madrid
4449926400;Juan;Garbajosa;Universidad Politecnica de Madrid
7402249975;Elena;Garcia;Universidad Politecnica de Madrid
6510288900;I.;Diaz;Universidad Politecnica de Madrid
6917072400;José Eugenio;Ortíz;Universidad Politecnica de Madrid
6603397942;Juan Antonio;Porro;Universidad Politecnica de Madrid
6602906363;Nathalie;Ollat;Universidad Politecnica de Madrid
8882795400;Alfonso;Rodríguez-Patón;Universidad Politecnica de Madrid
6602559450;Luis;Garrote;Universidad Politecnica de Madrid
6506558366;Roque Saltarén;Pazmiño;Universidad Politecnica de Madrid
6507973069;Mohammed;Naffakh;Universidad Politecnica de Madrid
6602185165;José Ramón;Montejo-Garai;Universidad Politecnica de Madrid
5782062100;Andres;Monzón;Universidad Politecnica de Madrid
7402043830;M.;Díaz;Universidad Politecnica de Madrid
3393684900;Carlos A.;Platero;Universidad Politecnica de Madrid
5362307100;José Manuel;Riera;Universidad Politecnica de Madrid
6602110833;Tomás;Robles;Universidad Politecnica de Madrid
6602658376;David;Luengo;Universidad Politecnica de Madrid
5888684400;Javier;De Lope;Universidad Politecnica de Madrid
7005743321;Aurora;Fraile;Universidad Politecnica de Madrid
6910676700;José Fernán;Martínez-Ortega;Universidad Politecnica de Madrid
7005432968;Ricardo S.;Perera;Universidad Politecnica de Madrid
6602619971;Leandro De;De Haro Ariet;Universidad Politecnica de Madrid
6319177900;Andrés Díaz;Lantada;Universidad Politecnica de Madrid
6481786300;Ángel Rolando Rivas;Velázquez;Universidad Politecnica de Madrid
7101679764;José María;Carrillo;Universidad Politecnica de Madrid
7004989922;M. Elena;Hernando;Universidad Politecnica de Madrid
2939175500;Alejandro B.;Rodríguez-González;Universidad Politecnica de Madrid
4075790400;Felipe J.Vegas;Fernández;Universidad Politecnica de Madrid
6701726497;Mark Richard;Wilby;Universidad Politecnica de Madrid
5588361100;Gabriel B.;Pinto;Universidad Politecnica de Madrid
7004636942;Carlos;Carreras;Universidad Politecnica de Madrid
7402478477;A.;Alonso;Universidad Politecnica de Madrid
6603034364;D. A.;Cendon;Universidad Politecnica de Madrid
6271240900;Félix;Pérez-García;Universidad Politecnica de Madrid
7003501614;Juan Carlos;Dueñas;Universidad Politecnica de Madrid
7004700503;José Miguel;Atienza;Universidad Politecnica de Madrid
4060105300;Emilio J.;González;Universidad Politecnica de Madrid
6603669635;Carmen;Sánchez- Ávila;Universidad Politecnica de Madrid
7005033675;Eduardo;Barrera;Universidad Politecnica de Madrid
7202357601;Agustín;Jiménez;Universidad Politecnica de Madrid
2345343100;Javier;Ferreiros;Universidad Politecnica de Madrid
6701894261;Margarita González;Prolongo;Universidad Politecnica de Madrid
6447485600;Eduardo;Juárez;Universidad Politecnica de Madrid
4335264000;Tonghong;Li;Universidad Politecnica de Madrid
5792196000;Alberto;Garrido;Universidad Politecnica de Madrid
6456739800;Eduardo;Gallego;Universidad Politecnica de Madrid
5883916200;Manuel;Sierra-Pérez;Universidad Politecnica de Madrid
6182360700;Margarita;Ruiz-Altisent;Universidad Politecnica de Madrid
4422134900;David Pradas;Fernández;Universidad Politecnica de Madrid
7007026485;Alfonso;Mateos;Universidad Politecnica de Madrid
6602195296;Fernando;Matía;Universidad Politecnica de Madrid
6368713000;Francisco;Gálvez;Universidad Politecnica de Madrid
6602358670;Pedro M.;Velarde;Universidad Politecnica de Madrid
5579712000;Marta;Patinõ-Martínez;Universidad Politecnica de Madrid
5883782400;José;Merodio;Universidad Politecnica de Madrid
6002347300;Alejandro;Zarzo;Universidad Politecnica de Madrid
3404965900;Raúl;García-Castro;Universidad Politecnica de Madrid
6506099479;Óscar;Dieste;Universidad Politecnica de Madrid
5731654400;Miguel;Romance;Universidad Politecnica de Madrid
7005888995;Antonio;Barrero;Universidad Politecnica de Madrid
3983113900;Julio;Lumbreras;Universidad Politecnica de Madrid
7004189898;Ricardo;Córdoba;Universidad Politecnica de Madrid
6603805258;Luis M.;Laita;Universidad Politecnica de Madrid
7402544026;Rodrigo Diaz;Pérez;Universidad Politecnica de Madrid
7043795900;Jennifer;Perez;Universidad Politecnica de Madrid
1439791100;Jesús;Ruiz Hervías;Universidad Politecnica de Madrid
3567554100;Luis;Cueto-Felgueroso;Universidad Politecnica de Madrid
7203050469;Jesús María;Ortíz;Universidad Politecnica de Madrid
6602605339;Vicente;Sáez-Rábanos;Universidad Politecnica de Madrid
5939202100;Morten Andreas Andreas;Geday;Universidad Politecnica de Madrid
7102183314;José V.;Ríos;Universidad Politecnica de Madrid
6507475009;Ruth;Benavides-Piccione;Universidad Politecnica de Madrid
6603937660;Ana;Benarroch;Universidad Politecnica de Madrid
5118667100;Manuel J.;Pastor;Universidad Politecnica de Madrid
6602321072;Pablo;González-Melendi;Universidad Politecnica de Madrid
6601955347;José Andrés S.;Somolinos;Universidad Politecnica de Madrid
3006078700;Fernando;Pescador;Universidad Politecnica de Madrid
2633950900;Miguel;Holgado;Universidad Politecnica de Madrid
6602825871;Víctor;Robles;Universidad Politecnica de Madrid
7006751614;César;Sanz;Universidad Politecnica de Madrid
6023704200;Mariano;Barba;Universidad Politecnica de Madrid
5894560200;Pilar García;Rebollar;Universidad Politecnica de Madrid
6174738100;G.;Fico;Universidad Politecnica de Madrid
7005878407;Rosa P.;Lázaro;Universidad Politecnica de Madrid
5732460300;Alberto;Abánades;Universidad Politecnica de Madrid
5599984600;José María;Sebastián;Universidad Politecnica de Madrid
6603457572;Luis;Baumela;Universidad Politecnica de Madrid
5935474500;Cesar;Queral;Universidad Politecnica de Madrid
5459043500;Antonio;Hernando;Universidad Politecnica de Madrid
8434083400;Danut;Iordachescu;Universidad Politecnica de Madrid
8669253500;Octavio;Nieto-Taladríz;Universidad Politecnica de Madrid
9280046800;Loïc A.;Martínez;Universidad Politecnica de Madrid
5627201100;César;Benavente-Peces;Universidad Politecnica de Madrid
6069304600;Eduardo;Oliva;Universidad Politecnica de Madrid
6602843585;Vicente;Negro Valdecantos;Universidad Politecnica de Madrid
7201715929;Ángel G.;Marín;Universidad Politecnica de Madrid
7194024332;Ricardo;Sanz;Universidad Politecnica de Madrid
6603013342;Hellmer;Rahms;Universidad Politecnica de Madrid
7101849455;Carlos;Vázquez;Universidad Politecnica de Madrid
6489212500;Ignacio;Bobadilla;Universidad Politecnica de Madrid
6906453100;Pedro J.;Lobo;Universidad Politecnica de Madrid
8254149300;J. M.;Antoranz;Universidad Politecnica de Madrid
4366995200;Javier Sampedro;Molinuevo;Universidad Politecnica de Madrid
5747301300;Pablo;Royer;Universidad Politecnica de Madrid
6506025976;Fernando;Meseguer-Garrido;Universidad Politecnica de Madrid
6624192700;Freddy;Priyatna;Universidad Politecnica de Madrid
3102581900;Guillermo San;Miguel;Universidad Politecnica de Madrid
6348313200;Iván Pau;De La Cruz;Universidad Politecnica de Madrid
6255766900;Sergio;Vega Sánchez;Universidad Politecnica de Madrid
4683691100;Jean François;Collumeau;Universidad Politecnica de Madrid
9460974600;Patricia;Arroba;Universidad Politecnica de Madrid
6447037800;Leonardo;Todisco;Universidad Politecnica de Madrid
6631726600;Eduardo;Cuchillo-Ibáñez;Universidad Politecnica de Madrid
4831129900;Jon Ander;Beracoechea;Universidad Politecnica de Madrid
5173603700;Edwin Rodríguez;Rodríguez-Ubiñas;Universidad Politecnica de Madrid
6476063100;L. M.;Escribano;Universidad Politecnica de Madrid
6508111516;Nelson;Medinilla;Universidad Politecnica de Madrid
6879137900;María Luisa;Cuadrado;Universidad Politecnica de Madrid
7267705300;Pablo;García-Robledo;Universidad Politecnica de Madrid
4450944400;Miguel Alejandro Salas;Natera;Universidad Politecnica de Madrid
8589200600;Luis;García Esteban;Universidad Politecnica de Madrid
6116110200;Javier;Rodríguez-Martín;Universidad Politecnica de Madrid
4330810300;Igor;Arambasic;Universidad Politecnica de Madrid
6022419500;Jacinto;Gandullo;Universidad Politecnica de Madrid
5177038400;Andrea;Zanda;Universidad Politecnica de Madrid
6530822100;Amanda;Beccaccia;Universidad Politecnica de Madrid
6909610500;Carlos;Delgado;Universidad Politecnica de Madrid
3566461000;Emma;Del Rio;Universidad Politecnica de Madrid
3102917900;Alejandro J.;García Del Amo;Universidad Politecnica de Madrid
5225569600;Ultano;Kindelán;Universidad Politecnica de Madrid
5638754400;Héctor;Lorenzo Yustos;Universidad Politecnica de Madrid
5890587200;Laura;Garcia-Garcia;Universidad Politecnica de Madrid
3992037600;JOSÉ Manuel Páez;Borrallo;Universidad Politecnica de Madrid
7005370131;Maria Mar;Astiz;Universidad Politecnica de Madrid
6602558004;Beatriz;Recio;Universidad Politecnica de Madrid
8510681600;Antonio Pérez;Yuste;Universidad Politecnica de Madrid
5100259100;Juan Jacobo;Estrada;Universidad Politecnica de Madrid
3393267400;Raúl Compés;López;Universidad Politecnica de Madrid
6506368765;Antonia;Pacios;Universidad Politecnica de Madrid
6506165874;René S.;Dáger;Universidad Politecnica de Madrid
4450287200;Cristina;De La Morena-Álvarez-Palencia;Universidad Politecnica de Madrid
6628832100;Jiayao;Liu;Universidad Politecnica de Madrid
5232348500;Pablo;Abián;Universidad Politecnica de Madrid
7191117315;Pilar;Mareca;Universidad Politecnica de Madrid
7129057500;Jesús María;Pérez;Universidad Politecnica de Madrid
6506828382;Natalia;Hernández-Sánchez;Universidad Politecnica de Madrid
3467847200;San Feliu;Tomás;Universidad Politecnica de Madrid
4976606900;Olga X.;Giraldo;Universidad Politecnica de Madrid
6505891598;Carmen;Martínez-Arévalo;Universidad Politecnica de Madrid
6677153800;Ángel M.;Groba;Universidad Politecnica de Madrid
6043680300;Ricardo;BadÍa-melis;Universidad Politecnica de Madrid
5532057700;Daniel;Vila-Suero;Universidad Politecnica de Madrid
3762300100;Javier García Gasco;Trujillo;Universidad Politecnica de Madrid
7188880708;Emilio;Bautista Paz;Universidad Politecnica de Madrid
5361467300;Emilio Bautista;Paz;Universidad Politecnica de Madrid
6209554300;Juan José;Moreno;Universidad Politecnica de Madrid
7038450600;Juan M.;Meneses;Universidad Politecnica de Madrid
6589679500;P.;Guzmán;Universidad Politecnica de Madrid
4792224600;Fernando;Martínez-Martí;Universidad Politecnica de Madrid
7005861209;Rosa M.;Arce;Universidad Politecnica de Madrid
6315882700;Manuel;Chazarra;Universidad Politecnica de Madrid
6228126000;Santiago;Huerta;Universidad Politecnica de Madrid
5363008000;Rong;Ren;Universidad Politecnica de Madrid
2961027900;María Teresa;Arredondo Waldmeyer;Universidad Politecnica de Madrid
7190884262;José Bruno;Ramiro;Universidad Politecnica de Madrid
6644687400;Juan F.;Muñoz-Martínez;Universidad Politecnica de Madrid
5642730300;Elkin;Botía-Vera;Universidad Politecnica de Madrid
7016845200;Simone;Sorgato;Universidad Politecnica de Madrid
6602868123;José Manuel Vassallo;Magro;Universidad Politecnica de Madrid
8295196100;Alberto;Portal;Universidad Politecnica de Madrid
2345156600;Juan A.;Piñuela;Universidad Politecnica de Madrid
6760491400;Carlos;Herrera;Universidad Politecnica de Madrid
5579037200;Rubén;Martínez-Marín;Universidad Politecnica de Madrid
5439935900;Amelia Ferro;Ferro;Universidad Politecnica de Madrid
5876924800;Francisco J.;Soler-Flores;Universidad Politecnica de Madrid
6221942700;Rodrigo;Madurga;Universidad Politecnica de Madrid
4831769000;Jesús;San Martín;Universidad Politecnica de Madrid
6508086541;Juan A.;Fernández Del Pozo;Universidad Politecnica de Madrid
6534224000;Raquel;Aparicio-Ugarriza;Universidad Politecnica de Madrid
4680466100;S.;Avila-Sanchez;Universidad Politecnica de Madrid
6129681500;Yod Samuel;Martín;Universidad Politecnica de Madrid
6602455254;Juan I.;Mingot;Universidad Politecnica de Madrid
4467561200;Silvia;De Los Ríos;Universidad Politecnica de Madrid
8639188900;Ezequiel;Cabrera;Universidad Politecnica de Madrid
6603494759;Carmen;Maraña;Universidad Politecnica de Madrid
8955352700;Iván;Ovejero;Universidad Politecnica de Madrid
6865385300;María Jesús;Montes;Universidad Politecnica de Madrid
5285909300;Raquel;Pedrero;Universidad Politecnica de Madrid
7003733957;Víctor;Maojo;Universidad Politecnica de Madrid
6504814489;María Teresa Arredondo;Waldmeyer;Universidad Politecnica de Madrid
2463244200;Guillem;Borrell;Universidad Politecnica de Madrid
7005221038;Antonio;Portolés;Universidad Politecnica de Madrid
7401734468;M. A.;Gómez;Universidad Politecnica de Madrid
5947266800;Felipe;Gabaldón;Universidad Politecnica de Madrid
6506100325;Francisco B.;Sastrón;Universidad Politecnica de Madrid
6883096100;Carlos;Mataix;Universidad Politecnica de Madrid
4402808700;Nico;Hensgens;Universidad Politecnica de Madrid
6187563600;Joaquín;Seoane;Universidad Politecnica de Madrid
6596828600;Rafael;Bardera;Universidad Politecnica de Madrid
7013097000;Miguel;Esteban-Gutíerrez;Universidad Politecnica de Madrid
5823267400;Cristina;Ibáñez-Llano;Universidad Politecnica de Madrid
5710266500;Julio A.;Rodríguez;Universidad Politecnica de Madrid
6795059000;Virginia;Peinado;Universidad Politecnica de Madrid
6447048100;Carlos M.;Lentisco;Universidad Politecnica de Madrid
6975768800;José Ángel Sánchez;Fernández;Universidad Politecnica de Madrid
6619332200;Roberto;Voces;Universidad Politecnica de Madrid
5702521553;Augusto Ricardo;Morales;Universidad Politecnica de Madrid
5223192900;Francisco Javier;González-Fernández;Universidad Politecnica de Madrid
5755542400;Antonio M.;Carretero;Universidad Politecnica de Madrid
5624320700;Juan;Caballero;Universidad Politecnica de Madrid
5533365400;Miguel Ángel;Rojo-Tirado;Universidad Politecnica de Madrid
6940990900;Bruno;Ordozgoiti;Universidad Politecnica de Madrid
3466726600;Cuevas;Gonzalo;Universidad Politecnica de Madrid
6535934000;Carlos Sanchez;Hernández;Universidad Politecnica de Madrid
7192408862;Juan Carlos;Hernández;Universidad Politecnica de Madrid
7188671892;E.;Querol;Universidad Politecnica de Madrid
3396239100;Salvador;Cobos;Universidad Politecnica de Madrid
6536574800;Johanna;Akerman;Universidad Politecnica de Madrid
6452510400;Alberto;Garrido;Universidad Politecnica de Madrid
6417001200;Rui;Sun;Universidad Politecnica de Madrid
5813067900;Ángel F.;Gállego;Universidad Politecnica de Madrid
4399964000;Juan;Castejón-Navas;Universidad Politecnica de Madrid
5652371000;Alex;Ciurana;Universidad Politecnica de Madrid
9437155200;Alfonso C.;Casal;Universidad Politecnica de Madrid
2780027400;Ana Gómez;Oliva;Universidad Politecnica de Madrid
6603185227;D.;MacHón;Universidad Politecnica de Madrid
6035358000;Nuno;Vinha;Universidad Politecnica de Madrid
7114820400;Luis;Pedraza;Universidad Politecnica de Madrid
7102375278;Agustín;Santamaría;Universidad Politecnica de Madrid
5318846200;José Miguel;Fernández-Güell;Universidad Politecnica de Madrid
6081958400;Yang;Li;Universidad Politecnica de Madrid
2985698000;Francisco Millanes;Mato;Universidad Politecnica de Madrid
2978481900;Pedro José;Benito Peinado;Universidad Politecnica de Madrid
7090981900;Carlos A.;Lázaro-Carrascosa;Universidad Politecnica de Madrid
0561153700;Guillermo;Del Campo Jiménez;Universidad Politecnica de Madrid
7003787324;Miguel A.;Sacristán;Universidad Politecnica de Madrid
6507486088;Pilar;García-Armada;Universidad Politecnica de Madrid
6067124400;Miguel;Hermanns;Universidad Politecnica de Madrid
1361519900;Guixuan;Liang;Universidad Politecnica de Madrid
7103074859;Jorge;Lorenzo;Universidad Politecnica de Madrid
3495207800;Eva;Del Hoyo-Barbolla;Universidad Politecnica de Madrid
6323453500;María;Antúnez-Lamas;Universidad Politecnica de Madrid
6025218700;Jonathan;Mora-Cuevas;Universidad Politecnica de Madrid
5199024700;Rosa;Ocaña;Universidad Politecnica de Madrid
1761451600;Gonzalo;Expósito-Domínguez;Universidad Politecnica de Madrid
8323127700;Francisco;Rosales;Universidad Politecnica de Madrid
4333320200;Francisco Javier Casajús;Quirós;Universidad Politecnica de Madrid
7801482504;Javier;Manterola Armisén;Universidad Politecnica de Madrid
5310642400;Concepción;Iglesias;Universidad Politecnica de Madrid
6644252500;Alfonso;San Miguel Ayanz;Universidad Politecnica de Madrid
6507150244;C.;López Del Castillo;Universidad Politecnica de Madrid
2962395200;Filip;Radulovic;Universidad Politecnica de Madrid
6835866000;J. A.;Nicolás;Universidad Politecnica de Madrid
5935536300;Beatriz;GonzÃ¡lez-Rodrigo;Universidad Politecnica de Madrid
6514234600;Rosa María;Arnaldo Valdés;Universidad Politecnica de Madrid
6911759000;David;Portillo;Universidad Politecnica de Madrid
5329917900;Maite;Gómez-López;Universidad Politecnica de Madrid
6603833653;M. T.;Carracedo;Universidad Politecnica de Madrid
7401659415;Miguel Aguiló;Alonso;Universidad Politecnica de Madrid
5336195400;Prithvi Sekhar;Pagala;Universidad Politecnica de Madrid
7003719081;M. C.;Matiás;Universidad Politecnica de Madrid
5978937700;Emilio;Jiménez-Vicente;Universidad Politecnica de Madrid
5366453400;Alfonso;Ibáñez;Universidad Politecnica de Madrid
7103144904;Marcos;Rico;Universidad Politecnica de Madrid
7004125141;Javier García;De Jalón;Universidad Politecnica de Madrid
5929574100;Javier;Sanguino;Universidad Politecnica de Madrid
5735791000;Gustavo;Andrade-Miranda;Universidad Politecnica de Madrid
6338914400;Rafael;Claramunt;Universidad Politecnica de Madrid
5901657000;Nicoletta;González-Cancelas;Universidad Politecnica de Madrid
5354423400;Agustín;De La Villa;Universidad Politecnica de Madrid
5666218600;Joaquín Bienvenido;Ordieres;Universidad Politecnica de Madrid
7202103599;Sergio Pérez;Pérez;Universidad Politecnica de Madrid
6430618700;Ignacio;González Requena;Universidad Politecnica de Madrid
2333509000;Javier;De Lope;Universidad Politecnica de Madrid
6012330800;Alberto;Camarero-Orive;Universidad Politecnica de Madrid
5710892800;Mohammad Ebrahim;Zarei;Universidad Politecnica de Madrid
5568956000;María Luisa;Martín-Ruíz;Universidad Politecnica de Madrid
7189996688;Carlos;Escott;Universidad Politecnica de Madrid
7189497503;Juan Manuel;Del Fresno;Universidad Politecnica de Madrid
7346958700;N.;Raddatz;Universidad Politecnica de Madrid
7195414190;Iván A.;García;Universidad Politecnica de Madrid
2962132800;Juan Bautista;Montalvá Colomer;Universidad Politecnica de Madrid
6339988900;María;Alonso-Ayuso;Universidad Politecnica de Madrid
6246226500;Juan;Jiménez-Trillo;Universidad Politecnica de Madrid
6506474666;José María;Sumpsi;Universidad Politecnica de Madrid
5824571300;María C.Díaz;Álvarez;Universidad Politecnica de Madrid
5096065300;A.;De Coca-Sinova;Universidad Politecnica de Madrid
8854128900;Antonio;Vizán Idoipe;Universidad Politecnica de Madrid
6993227000;Enrique;Pérez-Martín;Universidad Politecnica de Madrid
7402001924;Marcos;Jiménez;Universidad Politecnica de Madrid
2939962800;Carmelo;Carrero;Universidad Politecnica de Madrid
5367714100;Idafen;Santana-Pérez;Universidad Politecnica de Madrid
6459899200;Fermín;Navarro-Medina;Universidad Politecnica de Madrid
6507768746;Valentín;Quintas;Universidad Politecnica de Madrid
4406078500;Alberto;Urueña-López;Universidad Politecnica de Madrid
5420662400;Felipe;Ruiz;Universidad Politecnica de Madrid
6550558100;Pilar;Sabio;Universidad Politecnica de Madrid
6507967783;A.;Carrera Sanmartín;Universidad Politecnica de Madrid
5548566700;Almudena M.;Sánchez;Universidad Politecnica de Madrid
6449498300;Víctor;Pablos-Ceruelo;Universidad Politecnica de Madrid
6338513900;José L.;Herrera;Universidad Politecnica de Madrid
2234354300;L.;Gámez;Universidad Politecnica de Madrid
6242408400;Vicente;Sotés;Universidad Politecnica de Madrid
6997380300;Francisco;Cordovilla;Universidad Politecnica de Madrid
3879717100;Eloy;González;Universidad Politecnica de Madrid
5362152400;Jianguo;Wei;Universidad Politecnica de Madrid
5479872300;Rocío;Martínez;Universidad Politecnica de Madrid
4343086200;Nuria Gómez;Blas;Universidad Politecnica de Madrid
5725796800;Thomas R.;Law;Universidad Politecnica de Madrid
7192491431;Xin;Li;Universidad Politecnica de Madrid
6631561900;Emilio;Gago;Universidad Politecnica de Madrid
4724295200;Antonio;Fumero;Universidad Politecnica de Madrid
4402674900;Dejana;Cucak;Universidad Politecnica de Madrid
6507339126;Nikolai A.;Bezdenejnykh;Universidad Politecnica de Madrid
6623253000;Irina Argüelles;Álvarez;Universidad Politecnica de Madrid
4894443200;Adolfo;Moya-González;Universidad Politecnica de Madrid
5174008800;Hangbo;Yue;Universidad Politecnica de Madrid
5062230500;Rebeca I.;Garcia-Betances;Universidad Politecnica de Madrid
6667918900;Marcela Gonzalez;Gross;Universidad Politecnica de Madrid
4832679100;Isaac;González;Universidad Politecnica de Madrid
3059999900;Antonio;Dasilva;Universidad Politecnica de Madrid
5824676300;Mónica;Betancourt;Universidad Politecnica de Madrid
4725284000;Antolín;Moral;Universidad Politecnica de Madrid
7191287588;S.;Franchini;Universidad Politecnica de Madrid
1141276700;Pedro;Pérez-del-Notario;Universidad Politecnica de Madrid
5769172500;Eduardo Higueras;García;Universidad Politecnica de Madrid
6352556100;Qiong;Liu;Universidad Politecnica de Madrid
6741176800;Hernán;Aparicio;Universidad Politecnica de Madrid
6701916827;Pedro Ramírez;Oyanguren;Universidad Politecnica de Madrid
6701549256;Marifeli;Sedano;Universidad Politecnica de Madrid
5056416700;Angel;López-Cima;Universidad Politecnica de Madrid
4605277000;Santiago;Alonso;Universidad Politecnica de Madrid
7102044200;Juan Carlos;López Agüí;Universidad Politecnica de Madrid
7004098114;M. Pilar García;Armada;Universidad Politecnica de Madrid
6096879300;Manuel M.;Nieto;Universidad Politecnica de Madrid
4461601800;Carlos;García-Gutiérrez;Universidad Politecnica de Madrid
6960451900;Oriol;Borrás-Gené;Universidad Politecnica de Madrid
7004396261;Victor;Giménez;Universidad Politecnica de Madrid
2136465600;Patricia;Sánchez-de-Miguel;Universidad Politecnica de Madrid
6060984800;José;Breñosa;Universidad Politecnica de Madrid
5546803400;Fernando;Serena;Universidad Politecnica de Madrid
5788358300;José Antonio;Navia;Universidad Politecnica de Madrid
5136716800;Marta;Sánchez-Cabezudo;Universidad Politecnica de Madrid
6033180100;E. Martinez;De Icaya;Universidad Politecnica de Madrid
5658055459;María Martín;Rodríguez;Universidad Politecnica de Madrid
6861638700;Manuel Rodriguez;Hernández;Universidad Politecnica de Madrid
5654539200;Emilia Pérez;Belleboni;Universidad Politecnica de Madrid
5191793000;Inés;González-Doncel;Universidad Politecnica de Madrid
6660871200;J. M.;Pardo;Universidad Politecnica de Madrid
7003809592;Vicente;Ortega;Universidad Politecnica de Madrid
9639015600;M. Gloria;Sánchez-Torrubia;Universidad Politecnica de Madrid
2950643400;Marc;García-Arnau;Universidad Politecnica de Madrid
2134571500;Pedro;Junquera;Universidad Politecnica de Madrid
3469338000;Eugenio;Gaeta;Universidad Politecnica de Madrid
1964530700;Juan Carlos;Ortiz;Universidad Politecnica de Madrid
5064574700;Juan Pedro;Silva;Universidad Politecnica de Madrid
7361520100;Pablo;Vidueira;Universidad Politecnica de Madrid
5222118000;Eva;Ponce-Cueto;Universidad Politecnica de Madrid
7116691500;Alberto G.;De La Varga;Universidad Politecnica de Madrid
6925237200;Pablo Aurelio;Gómez-García;Universidad Politecnica de Madrid
1741199900;Isabel;Otero Pastor;Universidad Politecnica de Madrid
4052639100;Francisco;Pérez-Sorrosal;Universidad Politecnica de Madrid
2986059800;Jesús María;Pérez García;Universidad Politecnica de Madrid
5846139900;José Miguel;Ezquerro;Universidad Politecnica de Madrid
7801385387;David Puig;Osés;Universidad Politecnica de Madrid
6507525004;José Ignacio;Alonso-Montes;Universidad Politecnica de Madrid
6506696456;Vanessa;Herves;Universidad Politecnica de Madrid
6807176600;Valerio;Vianello;Universidad Politecnica de Madrid
4822623400;A.;Rolando;Universidad Politecnica de Madrid
4061185500;Antonio García;Dopico;Universidad Politecnica de Madrid
9846695900;José J.;Sánchez-Álvarez;Universidad Politecnica de Madrid
5848576000;Pilar;Lafont Morgado;Universidad Politecnica de Madrid
5515246900;Gonzalo;Valles;Universidad Politecnica de Madrid
5627073700;Ana;Blasco;Universidad Politecnica de Madrid
5319168600;José M.;Cogollor;Universidad Politecnica de Madrid
6508272377;Tomás Robles;Valladares;Universidad Politecnica de Madrid
5570321900;Sergio;Zubelzu;Universidad Politecnica de Madrid
5364513800;Belén;Martín;Universidad Politecnica de Madrid
6770968900;Alfonso García;Santos;Universidad Politecnica de Madrid
6315340000;Miriam García;Soto;Universidad Politecnica de Madrid
1761886800;Rubén;Laina;Universidad Politecnica de Madrid
5547123294;Álvaro;Alonso;Universidad Politecnica de Madrid
7051165800;Felipe;Martínez-García;Universidad Politecnica de Madrid
6659006300;Ana L.;Hernández;Universidad Politecnica de Madrid
5536144400;Fernando;Espinoza-Cuadros;Universidad Politecnica de Madrid
5368039200;Miguel Ángel;Alonso-Rodríguez;Universidad Politecnica de Madrid
5645300100;David;Peral;Universidad Politecnica de Madrid
7193057022;José M.;Vega;Universidad Politecnica de Madrid
6602644139;Manuel;Castañs;Universidad Politecnica de Madrid
5084905800;Juan Antonio;Alonso;Universidad Politecnica de Madrid
5735359100;Sergio;Paraiso-Medina;Universidad Politecnica de Madrid
5552959500;Ana María;Rodríguez-Alloza;Universidad Politecnica de Madrid
6491293700;Diego;Sánchez-de-Rivera;Universidad Politecnica de Madrid
5772921300;Angelique;Trachana;Universidad Politecnica de Madrid
2233434300;Rocío;Cascajo;Universidad Politecnica de Madrid
4890272000;Alejandro;Ortega;Universidad Politecnica de Madrid
6972626600;Alfonso;Rodríguez;Universidad Politecnica de Madrid
5207603100;María Jesús;Pérez-Martín;Universidad Politecnica de Madrid
5482486900;Sergio Sánchez;García;Universidad Politecnica de Madrid
2735230100;Santiago;Torres-Alegre;Universidad Politecnica de Madrid
7007081990;Martín J.;Alarcón;Universidad Politecnica de Madrid
2778596600;José Ramón;Sánchez-Couso;Universidad Politecnica de Madrid
5228801100;Fernando;Torrent;Universidad Politecnica de Madrid
4683921100;Laura;Gálvez;Universidad Politecnica de Madrid
9739187500;Stefan;Burén;Universidad Politecnica de Madrid
5392425800;Carmina;Lopez;Universidad Politecnica de Madrid
6170355400;Raúl;Domínguez;Universidad Politecnica de Madrid
6841400900;José Miguel;Escolano;Universidad Politecnica de Madrid
6137450500;Juan A.;Martín;Universidad Politecnica de Madrid
4973744700;Luisa L.;García-Fuentevilla;Universidad Politecnica de Madrid
4885389800;Pedro Jesús;Jiménez-Martín;Universidad Politecnica de Madrid
7193525491;Dalila;Durães;Universidad Politecnica de Madrid
7006349138;Jesús;García López;Universidad Politecnica de Madrid
6601954820;R.;Carabaño;Universidad Politecnica de Madrid
5924511800;Arancha;Mateos;Universidad Politecnica de Madrid
7003482626;Rafael C.;Nieto;Universidad Politecnica de Madrid
6603679210;Jose Luis;Espino;Universidad Politecnica de Madrid
9838997300;Aniceto;Zaragoza Ramírez;Universidad Politecnica de Madrid
0738897100;M. C.;Morató;Universidad Politecnica de Madrid
7402370404;Juan Gallego;Medina;Universidad Politecnica de Madrid
8233894900;José Ignacio;Hernando;Universidad Politecnica de Madrid
4766673700;Jose Manuel;Poncela;Universidad Politecnica de Madrid
4950193800;Ana;De Guzmán Báez;Universidad Politecnica de Madrid
5618312300;Celina González;Fernández;Universidad Politecnica de Madrid
7403371955;Celina;González;Universidad Politecnica de Madrid
5781597600;Laura;Carvajal;Universidad Politecnica de Madrid
6505853087;Belén;Orta Rial;Universidad Politecnica de Madrid
5791206500;Carlos Pérez;López;Universidad Politecnica de Madrid
5795177900;Alba;Rozas;Universidad Politecnica de Madrid
5347593100;María Jesús;González Díaz;Universidad Politecnica de Madrid
7190247974;Ángel;Martín;Universidad Politecnica de Madrid
6086437800;Francisco Javier;Ortega;Universidad Politecnica de Madrid
5290734800;Javier;Butragueño;Universidad Politecnica de Madrid
5364611600;Alejandro;Bernabeu;Universidad Politecnica de Madrid
6918190800;Pedro Galán;Del Sastre;Universidad Politecnica de Madrid
6921831700;Susana Bravo;Muñoz;Universidad Politecnica de Madrid
5112908300;Justo Carracedo;Gallardo;Universidad Politecnica de Madrid
7201790463;Partha;Datta;Universidad Politecnica de Madrid
2433736000;Carmen;Luengo;Universidad Politecnica de Madrid
3003368200;Jaime;Alarcón;Universidad Politecnica de Madrid
6671271300;Luis L.;Guerra;Universidad Politecnica de Madrid
6665776500;Irene;Blanco-Gutiérrez;Universidad Politecnica de Madrid
6681454300;J. F.;Prieto;Universidad Politecnica de Madrid
6706918600;José M.;Soria;Universidad Politecnica de Madrid
6701375320;Santiago;Tapia;Universidad Politecnica de Madrid
5203066100;Enrique;Alcalá;Universidad Politecnica de Madrid
6508051885;Antonio Martínez;Cutillas;Universidad Politecnica de Madrid
6506702794;Javier;Hernán;Universidad Politecnica de Madrid
5229269500;Manuel A.;García-García;Universidad Politecnica de Madrid
5653154000;Carlos;Sambricio;Universidad Politecnica de Madrid
5795569100;I.;Higuera;Universidad Politecnica de Madrid
5340073500;Jesús R Illán;González;Universidad Politecnica de Madrid
6831910700;Enrique;De La Fuente;Universidad Politecnica de Madrid
4725086600;Vicente;Olmedo;Universidad Politecnica de Madrid
5424388800;Joséluis Muñoz;Sanz;Universidad Politecnica de Madrid
6602795467;Estefanía;Caamaño;Universidad Politecnica de Madrid
6603659452;Natividad;Sainz;Universidad Politecnica de Madrid
6602439177;I.;Alarcón;Universidad Politecnica de Madrid
6323065400;Jorge;Bonache;Universidad Politecnica de Madrid
5956856500;Victor;Roselló;Universidad Politecnica de Madrid
4491170400;Miguel A.;Olivares;Universidad Politecnica de Madrid
6926371700;Cristóbal;Tapia;Universidad Politecnica de Madrid
7191951837;Víctor J.;Martínez;Universidad Politecnica de Madrid
5839969100;Jian;Tang;Universidad Politecnica de Madrid
6223445500;Nisar J.;Ali;Universidad Politecnica de Madrid
5628532051;Manuel A.;Vázquez;Universidad Politecnica de Madrid
6414812600;Carmen;Costilla;Universidad Politecnica de Madrid
8922850100;David L.;Moreno;Universidad Politecnica de Madrid
7403543048;Abraham Gutiérrez;Rodríguez;Universidad Politecnica de Madrid
5887687700;Rafael;Méndez;Universidad Politecnica de Madrid
5933143100;J.;Anaya Díaz;Universidad Politecnica de Madrid
6740911900;Carlos;García-Fernández;Universidad Politecnica de Madrid
6323177300;Irina;Argüelles;Universidad Politecnica de Madrid
4177415300;Ljiljana Medic;Pejic;Universidad Politecnica de Madrid
5860306300;Alvaro;Cuerva-Tejero;Universidad Politecnica de Madrid
5911397900;Dalton Müller Pessôa;Filho;Universidad Politecnica de Madrid
5546498600;Cristian;Moral;Universidad Politecnica de Madrid
6617565800;Carlos;Morla-Juaristi;Universidad Politecnica de Madrid
6766198200;Claudia;García-Ventura;Universidad Politecnica de Madrid
5028576000;B.;Sanz;Universidad Politecnica de Madrid
5628421300;Esteban;González;Universidad Politecnica de Madrid
1863199100;Jaime;Cid-Falceto;Universidad Politecnica de Madrid
6781339400;Ana García;Serrano;Universidad Politecnica de Madrid
5750098500;Agustín;Hernández-Aja;Universidad Politecnica de Madrid
5328283900;M. A.;Toledo Municio;Universidad Politecnica de Madrid
7193085530;Angel;Álvarez;Universidad Politecnica de Madrid
7003366770;P.;Alou;Universidad Politecnica de Madrid
7401972098;Miguel E.;Hernández;Universidad Politecnica de Madrid
4053447400;Alicia M.;Cano;Universidad Politecnica de Madrid
5363207400;María Isabel;Prieto;Universidad Politecnica de Madrid
6024936300;Carlos G.;Pérez-Moreno;Universidad Politecnica de Madrid
4785035100;Javier;Marinas;Universidad Politecnica de Madrid
6624240800;Mar;Miñano;Universidad Politecnica de Madrid
7194264194;Marina;Sanz;Universidad Politecnica de Madrid
5345590400;Agustín;Rodríguez-Herrero;Universidad Politecnica de Madrid
6892822000;Ana P.;González;Universidad Politecnica de Madrid
5901660300;José;De Lara;Universidad Politecnica de Madrid
8680682000;María I.;Corcuera;Universidad Politecnica de Madrid
6602816870;Pilar G.;Rebollar;Universidad Politecnica de Madrid
4055485300;Alexander;García Castro;Universidad Politecnica de Madrid
6459638200;Pawel S.;Pietrzak;Universidad Politecnica de Madrid
5231142300;Juan Gregorio;Rejas;Universidad Politecnica de Madrid
5394090300;Miguel Ángel;Manso;Universidad Politecnica de Madrid
6603125600;J. A.;Gayoso;Universidad Politecnica de Madrid
4054604500;Celestino Álvarez;Martínez;Universidad Politecnica de Madrid
3612812400;María Jesús;Vázquez-Gallo;Universidad Politecnica de Madrid
4725037000;Santiago;Pavón;Universidad Politecnica de Madrid
3361613400;Andrés;Remacha-Gete;Universidad Politecnica de Madrid
3004016400;Javier;Gortázar;Universidad Politecnica de Madrid
6680547200;A. P.;Santos;Universidad Politecnica de Madrid
6927417700;Víctor A Villagrá;González;Universidad Politecnica de Madrid
6950381100;Ma Consuelo;Huerta;Universidad Politecnica de Madrid
4467904800;Ana;Fraile-Escanciano;Universidad Politecnica de Madrid
7103257290;Florentino E.;Jiménez;Universidad Politecnica de Madrid
6603486232;José Antonio;Celemín;Universidad Politecnica de Madrid
6603333717;A.;Lugue;Universidad Politecnica de Madrid
5647325000;Carlos Alberto Cortes;Carrillo;Universidad Politecnica de Madrid
6506086415;M. J.;Presas;Universidad Politecnica de Madrid
6508230454;Rafael;Gómez-Blanco;Universidad Politecnica de Madrid
6643403800;Juan Carlos;Crespo;Universidad Politecnica de Madrid
5554605200;Juan B.;Hernando;Universidad Politecnica de Madrid
5014692700;Carlos;Grima-Olmedo;Universidad Politecnica de Madrid
2164287500;Margarita;Martínez-Núñez;Universidad Politecnica de Madrid
7801422714;Gonzalo Cuevas;Agustín;Universidad Politecnica de Madrid
5904968700;Carlos A.;Garrido-Mendoza;Universidad Politecnica de Madrid
6603746488;I.;Salas;Universidad Politecnica de Madrid
5053984900;Evangelina;Atanes;Universidad Politecnica de Madrid
6086060600;César;Benavente;Universidad Politecnica de Madrid
5838893800;Roberto;Faure;Universidad Politecnica de Madrid
7014716500;Eleuterio;Mora;Universidad Politecnica de Madrid
6743589100;Isabel;Arribas;Universidad Politecnica de Madrid
7114663600;Mattia;Tabacchi;Universidad Politecnica de Madrid
5837030000;Leandro;Haro-Ariet;Universidad Politecnica de Madrid
6552888700;Alberto Camarero;Orive.;Universidad Politecnica de Madrid
6603729627;E. A.;Puente;Universidad Politecnica de Madrid
7102217288;David C.;Pereira;Universidad Politecnica de Madrid
5290490500;Antonio;Aznar;Universidad Politecnica de Madrid
5322026100;Eduardo;Metola;Universidad Politecnica de Madrid
7074193400;Jaime;Caffarel;Universidad Politecnica de Madrid
0861077300;Fernando;García-García;Universidad Politecnica de Madrid
5364594600;Manuel;Loro;Universidad Politecnica de Madrid
2782791300;V.;Jimeno;Universidad Politecnica de Madrid
6809441300;Eduardo;Martinez-De-Rioja;Universidad Politecnica de Madrid
2345172200;Fulgencio S.;Buendía-Buendía;Universidad Politecnica de Madrid
7193752838;J. M.;Pardo;Universidad Politecnica de Madrid
6654948000;Marcela;González-Gross;Universidad Politecnica de Madrid
6602982149;Juan C.;Agüì;Universidad Politecnica de Madrid
6141226900;David Díaz;Pardo;Universidad Politecnica de Madrid
6506092299;Jose L.;Zoreda;Universidad Politecnica de Madrid
6470706500;Beatriz López;Mencía;Universidad Politecnica de Madrid
5542690200;Antonio;García-Dopico;Universidad Politecnica de Madrid
6503896634;Norma;Retamal;Universidad Politecnica de Madrid
6983091600;Gustavo;Alonso-Rodrigo;Universidad Politecnica de Madrid
6343723600;Antonio L.Lara;Galera;Universidad Politecnica de Madrid
6425824100;Miguel;Coronado;Universidad Politecnica de Madrid
6503978294;Enrique;González-Valle;Universidad Politecnica de Madrid
6667304500;Marta;Redondo;Universidad Politecnica de Madrid
6939360500;Pedro M.González;Manchón;Universidad Politecnica de Madrid
5043035600;Fernando;Ortiz-Rodríguez;Universidad Politecnica de Madrid
7202103603;Sonsoles;Pérez;Universidad Politecnica de Madrid
7192829417;D.;Madroñal;Universidad Politecnica de Madrid
7192839213;Raquel;Lazcano;Universidad Politecnica de Madrid
6926007000;Antonio Serrano;Rodríguez;Universidad Politecnica de Madrid
7117215900;María;Rivera;Universidad Politecnica de Madrid
5825418600;Antonio Soriano;Peña;Universidad Politecnica de Madrid
8125766100;Argimiro;Daza;Universidad Politecnica de Madrid
7102270865;Dinora Araceli;Morales;Universidad Politecnica de Madrid
5319435900;David;Pastor-Escuredo;Universidad Politecnica de Madrid
6625999100;Javier;Villalba-Diez;Universidad Politecnica de Madrid
6444141300;Javier;Agustín;Universidad Politecnica de Madrid
6710369600;Bunjamin;Memishi;Universidad Politecnica de Madrid
3476667200;Ginés;Bravo;Universidad Politecnica de Madrid
7801672683;Vicente González;Posadas;Universidad Politecnica de Madrid
6972642900;Alfredo;Rodriguez;Universidad Politecnica de Madrid
4986335000;José I.I.;Cardesa;Universidad Politecnica de Madrid
